id,edad,canal,visitas,respondio
C001,22,web,1,no
C002,25,tienda,2,no
C003,31,web,4,si
C004,35,telefono,5,si
C005,42,tienda,2,no
C006,48,web,6,si
C007,29,telefono,3,no
C008,52,tienda,7,si
C009,39,web,5,si
C010,27,telefono,2,no
C011,45,web,6,si
C012,33,tienda,4,no
C013,58,telefono,8,si
C014,24,web,1,no
C015,37,tienda,5,si
C016,41,telefono,6,si
C017,50,web,7,si
C018,30,tienda,3,no
C019,55,telefono,8,si
C020,28,web,2,no
C021,46,tienda,6,si
C022,34,telefono,4,no
C023,60,web,9,si
C024,26,tienda,2,no
C025,43,telefono,6,si

