fecha,demanda
2022-01-01,100
2022-02-01,104
2022-03-01,109
2022-04-01,112
2022-05-01,118
2022-06-01,121
2022-07-01,120
2022-08-01,119
2022-09-01,116
2022-10-01,114
2022-11-01,119
2022-12-01,128
2023-01-01,108
2023-02-01,112
2023-03-01,117
2023-04-01,121
2023-05-01,126
2023-06-01,130
2023-07-01,129
2023-08-01,128
2023-09-01,124
2023-10-01,122
2023-11-01,127
2023-12-01,137
2024-01-01,116
2024-02-01,120
2024-03-01,126
2024-04-01,129
2024-05-01,135
2024-06-01,138
2024-07-01,137
2024-08-01,136
2024-09-01,133
2024-10-01,131
2024-11-01,136
2024-12-01,146

