id,edad,segmento,visitas,consumo
R001,22,Norte,2,112.4
R002,25,Centro,3,131.2
R003,31,Sur,4,168.3
R004,35,Norte,5,188.9
R005,42,Centro,3,179.2
R006,48,Sur,6,244.1
R007,29,Norte,4,157.6
R008,52,Centro,7,271.8
R009,39,Sur,5,206.4
R010,27,Norte,2,127.7
R011,45,Centro,6,231.9
R012,33,Sur,4,173.5
R013,58,Norte,8,302.1
R014,24,Centro,3,136.6
R015,37,Sur,5,199.8
R016,41,Norte,6,224.5
R017,50,Centro,7,263.2
R018,30,Sur,4,161.4
R019,55,Norte,8,289.7
R020,28,Centro,3,145.1
R021,46,Sur,6,238.6
R022,34,Norte,5,181.3
R023,60,Centro,9,326.8
R024,26,Sur,3,139.9
R025,43,Norte,6,219.4

